{"train": [0.6088043060361399, 0.6093196217356608, 0.619029849540739, 0.636442350873452, 0.595779257493078, 0.4717077142275595, 0.5246398444037361, 0.5137842911097542, 0.5676775900671688, 0.6190670039642154, 0.7802202772689237, 0.9253648402844413, 0.9544842158316615, 0.9836358995732086, 0.9982488958674588, 1.0, 1.0, 1.0, 1.0, 1.0, 1.0, 1.0, 1.0, 1.0, 1.0, 0.9999418452502108, 1.0, 1.0, 1.0, 0.9994862997101955, 1.0, 0.9999999999999999, 1.0, 1.0, 1.0, 1.0, 1.0, 1.0, 0.9999935383611346, 0.9991212171142967, 1.0, 0.9959630911188004, 1.0, 1.0, 1.0, 1.0, 1.0, 1.0, 1.0, 1.0], "val": [0.6081220366934652, 0.613790970933828, 0.6084312512883941, 0.6459492888064317, 0.6012162440733869, 0.4726860441146155, 0.4952587095444238, 0.48051948051948057, 0.5231910946196661, 0.5823541537827251, 0.7039785611214182, 0.8350855493712637, 0.8800247371675943, 0.8779633065347351, 0.9175427746856317, 0.9459905174190888, 0.9400123685837971, 0.9454751597608739, 0.94568130282416, 0.950937950937951, 0.9495980210265924, 0.9585652442795299, 0.958359101216244, 0.9516594516594516, 0.9398062255205113, 0.9541331684188827, 0.9588744588744589, 0.9576376004947432, 0.9609358895073181, 0.9346011131725417, 0.961245104102247, 0.967377860235003, 0.9680478251906823, 0.9668109668109668, 0.9637703566274994, 0.9600082457225314, 0.9668109668109668, 0.9713461142032571, 0.9539270253555967, 0.9215625644197073, 0.9613997113997114, 0.8753349824778397, 0.8952277880849309, 0.9466089466089466, 0.9531539888682745, 0.9461451247165532, 0.9632034632034633, 0.9589775304061018, 0.9632034632034632, 0.9708307565450421]}