{"train": [0.47302911937554726, 0.46344166270891285, 0.4623657998378129, 0.4817119466010164, 0.48059731389672355, 0.45678617467748345, 0.48544031222638995, 0.4665206336283072, 0.4687111292036999, 0.5357247858774421, 0.5466255706434823, 0.5689182247293381, 0.6596719425948003, 0.6480765316507225, 0.7904135125791955, 0.8643055838252257, 0.9026521796723302, 0.9379747285303972, 0.9331705000339235, 0.9966722559842852, 0.9861236305364129, 0.9948726895602531, 0.9979096598270218, 1.0, 1.0, 0.9813387869565358, 1.0, 1.0, 0.9991858335029513, 1.0, 1.0, 1.0, 1.0, 1.0, 1.0, 1.0, 1.0, 1.0, 1.0, 0.9999870767222692, 1.0, 1.0, 1.0, 1.0, 0.9999903075417017, 0.9984750532277501, 0.9682781993997137, 0.9996397636332501, 0.999378067259199, 1.0], "val": [0.45243248814677384, 0.4235209235209235, 0.47268604411461557, 0.4790764790764791, 0.45640074211502785, 0.4359925788497217, 0.4497010925582354, 0.4147598433312719, 0.4308390022675737, 0.47567511853226135, 0.45217480931766646, 0.46804782519068233, 0.536384250669965, 0.5489589775304061, 0.6034838177695321, 0.6021438878581735, 0.6316223459080602, 0.5846217274788703, 0.5903937332508761, 0.6146155431869718, 0.634611420325706, 0.6280148423005566, 0.6185322613894042, 0.6587301587301587, 0.6733663162234591, 0.5676149247577819, 0.6532673675530818, 0.6285301999587715, 0.6472892187177902, 0.6079158936301794, 0.608843537414966, 0.6031746031746031, 0.6365697794269223, 0.6265718408575551, 0.5937950937950938, 0.6056483199340342, 0.6142032570603999, 0.6163677592249022, 0.632137703566275, 0.6312615955473099, 0.6094619666048238, 0.6562564419707276, 0.6483199340342198, 0.6185322613894043, 0.6623376623376623, 0.5576169861884148, 0.6335291692434549, 0.6368274582560297, 0.5901360544217686, 0.6005978148835291]}