{"train": [0.600289219425375, 0.6067807653190949, 0.5864638952453598, 0.5860348334604628, 0.5856375540300025, 0.5920628866853124, 0.5811615391134842, 0.6102212051868803, 0.6093101110263581, 0.6207994321552673, 0.6416168743113824, 0.6545946690397492, 0.6886176794643615, 0.7207973133316383, 0.7673796508178659, 0.7658805831002627, 0.8653540554284262, 0.8511526400542418, 0.8948427832867192, 0.9544135096194593, 0.9598059157555725, 0.9788965166539537, 0.9900839054157132, 0.9892628612594287, 0.9998304941096703, 0.9996662852784134, 0.9997245529282142, 1.0, 0.9994385117382829, 1.0, 1.0, 1.0, 1.0, 1.0, 1.0, 1.0, 1.0, 1.0, 1.0, 1.0, 0.5043859649122807, 1.0, 1.0, 1.0, 1.0, 1.0, 1.0, 1.0, 1.0, 1.0], "val": [0.5829826832820845, 0.603778928629228, 0.6618384851917787, 0.6304418190645735, 0.6353778928629228, 0.6332739925554297, 0.6389383395371419, 0.649862437287587, 0.6505097912283542, 0.6421751092409775, 0.641770513027998, 0.6437934940928953, 0.655688622754491, 0.6558504612396828, 0.7089334843825862, 0.6949344554134974, 0.8125910341479203, 0.7672762582942224, 0.7970545395695096, 0.8738469007930086, 0.8750606894319469, 0.9012785240330151, 0.9123644602686518, 0.8838808868748989, 0.9376921832011652, 0.9434374494254734, 0.940767114419809, 0.9516102929276582, 0.9412526298753844, 0.9582456708205211, 0.9590548632464801, 0.9605923288558019, 0.9597831364298429, 0.9609969250687813, 0.9698980417543291, 0.9681178184172197, 0.9635863408318499, 0.9724874575173976, 0.9665398931865999, 0.96496196795598, 0.5119760479041916, 0.9674704644764526, 0.9675513837190484, 0.9704644764525003, 0.9655284026541512, 0.9669040297782814, 0.970707234180288, 0.9714355073636511, 0.9675513837190485, 0.9703026379673086]}