{
    "config": {
        "dropout_rate": 0.7,
        "learning_rate": 0.001,
        "optimizer": "sgd",
        "batch_size": 64,
        "train_test_split_ratio": 0.4,
        "model_name": "MoreAdvancedCNN"
    },
    "roc_auc": 0.5239957716701903,
    "val_loss": 3.328125238418579,
    "val_acc": 0.7162629961967468
}