{
    "weight_changes": [
        {
            "conv2d_24": 0.021364683285355568,
            "batch_normalization_24": 2.601161241531372,
            "conv2d_25": 0.023151962086558342,
            "batch_normalization_25": 2.7665984630584717,
            "conv2d_26": 0.021819306537508965,
            "batch_normalization_26": 2.432926654815674,
            "conv2d_27": 0.02605355903506279,
            "batch_normalization_27": 4.755064010620117,
            "conv2d_28": 0.027219004929065704,
            "batch_normalization_28": 3.509675979614258,
            "conv2d_29": 0.01362586859613657,
            "dense_8": 0.029832007363438606,
            "batch_normalization_29": 7.777392387390137,
            "dense_9": 0.01835973933339119
        },
        {
            "conv2d_24": 0.03149576857686043,
            "batch_normalization_24": 4.411838054656982,
            "conv2d_25": 0.030305031687021255,
            "batch_normalization_25": 4.69364070892334,
            "conv2d_26": 0.03186260536313057,
            "batch_normalization_26": 4.125868320465088,
            "conv2d_27": 0.03780927136540413,
            "batch_normalization_27": 8.042365074157715,
            "conv2d_28": 0.040954913944005966,
            "batch_normalization_28": 5.947381973266602,
            "conv2d_29": 0.01992115192115307,
            "dense_8": 0.0421740747988224,
            "batch_normalization_29": 13.185115814208984,
            "dense_9": 0.033657465130090714
        },
        {
            "conv2d_24": 0.0394774004817009,
            "batch_normalization_24": 5.672910213470459,
            "conv2d_25": 0.038256581872701645,
            "batch_normalization_25": 6.036828994750977,
            "conv2d_26": 0.04111792892217636,
            "batch_normalization_26": 5.298523426055908,
            "conv2d_27": 0.045396801084280014,
            "batch_normalization_27": 10.315946578979492,
            "conv2d_28": 0.049087610095739365,
            "batch_normalization_28": 7.653436660766602,
            "conv2d_29": 0.023613426834344864,
            "dense_8": 0.049260180443525314,
            "batch_normalization_29": 16.95484161376953,
            "dense_9": 0.04772098362445831
        },
        {
            "conv2d_24": 0.04901324585080147,
            "batch_normalization_24": 6.5512471199035645,
            "conv2d_25": 0.046709850430488586,
            "batch_normalization_25": 6.969568729400635,
            "conv2d_26": 0.04700694605708122,
            "batch_normalization_26": 6.112240791320801,
            "conv2d_27": 0.05543193221092224,
            "batch_normalization_27": 11.875978469848633,
            "conv2d_28": 0.05772543326020241,
            "batch_normalization_28": 8.8375244140625,
            "conv2d_29": 0.026679063215851784,
            "dense_8": 0.057190921157598495,
            "batch_normalization_29": 19.573467254638672,
            "dense_9": 0.06399011611938477
        },
        {
            "conv2d_24": 0.052331168204545975,
            "batch_normalization_24": 7.1622748374938965,
            "conv2d_25": 0.05481817573308945,
            "batch_normalization_25": 7.615207672119141,
            "conv2d_26": 0.05290529131889343,
            "batch_normalization_26": 6.672097206115723,
            "conv2d_27": 0.06143037602305412,
            "batch_normalization_27": 12.932305335998535,
            "conv2d_28": 0.062050215899944305,
            "batch_normalization_28": 9.653322219848633,
            "conv2d_29": 0.026877330616116524,
            "dense_8": 0.06026804447174072,
            "batch_normalization_29": 21.40133285522461,
            "dense_9": 0.07774364948272705
        },
        {
            "conv2d_24": 0.058756597340106964,
            "batch_normalization_24": 7.5875678062438965,
            "conv2d_25": 0.056809719651937485,
            "batch_normalization_25": 8.062458992004395,
            "conv2d_26": 0.05478990823030472,
            "batch_normalization_26": 7.057579040527344,
            "conv2d_27": 0.0623931922018528,
            "batch_normalization_27": 13.65820026397705,
            "conv2d_28": 0.065421923995018,
            "batch_normalization_28": 10.212638854980469,
            "conv2d_29": 0.028421584516763687,
            "dense_8": 0.0645170584321022,
            "batch_normalization_29": 22.65237045288086,
            "dense_9": 0.09138140082359314
        },
        {
            "conv2d_24": 0.06243366748094559,
            "batch_normalization_24": 7.884916305541992,
            "conv2d_25": 0.06014459207653999,
            "batch_normalization_25": 8.379354476928711,
            "conv2d_26": 0.059868860989809036,
            "batch_normalization_26": 7.323718070983887,
            "conv2d_27": 0.06857211887836456,
            "batch_normalization_27": 14.177572250366211,
            "conv2d_28": 0.07119481265544891,
            "batch_normalization_28": 10.612192153930664,
            "conv2d_29": 0.03131256625056267,
            "dense_8": 0.06983963400125504,
            "batch_normalization_29": 23.533485412597656,
            "dense_9": 0.10415193438529968
        },
        {
            "conv2d_24": 0.06595677137374878,
            "batch_normalization_24": 8.092185020446777,
            "conv2d_25": 0.06501380354166031,
            "batch_normalization_25": 8.601579666137695,
            "conv2d_26": 0.06304425001144409,
            "batch_normalization_26": 7.506776332855225,
            "conv2d_27": 0.07323164492845535,
            "batch_normalization_27": 14.537673950195312,
            "conv2d_28": 0.07608707249164581,
            "batch_normalization_28": 10.89253044128418,
            "conv2d_29": 0.03296779841184616,
            "dense_8": 0.07404536753892899,
            "batch_normalization_29": 24.1458740234375,
            "dense_9": 0.11807471513748169
        },
        {
            "conv2d_24": 0.0680733248591423,
            "batch_normalization_24": 8.236041069030762,
            "conv2d_25": 0.06732414662837982,
            "batch_normalization_25": 8.754770278930664,
            "conv2d_26": 0.06649787724018097,
            "batch_normalization_26": 7.63339900970459,
            "conv2d_27": 0.07923682034015656,
            "batch_normalization_27": 14.78511905670166,
            "conv2d_28": 0.08028917759656906,
            "batch_normalization_28": 11.088537216186523,
            "conv2d_29": 0.034298449754714966,
            "dense_8": 0.07870173454284668,
            "batch_normalization_29": 24.566104888916016,
            "dense_9": 0.12997055053710938
        },
        {
            "conv2d_24": 0.0694088339805603,
            "batch_normalization_24": 8.336322784423828,
            "conv2d_25": 0.07003382593393326,
            "batch_normalization_25": 8.86339282989502,
            "conv2d_26": 0.06810005754232407,
            "batch_normalization_26": 7.720697402954102,
            "conv2d_27": 0.0822501927614212,
            "batch_normalization_27": 14.943778991699219,
            "conv2d_28": 0.08443136513233185,
            "batch_normalization_28": 11.219636917114258,
            "conv2d_29": 0.03662814199924469,
            "dense_8": 0.08520220220088959,
            "batch_normalization_29": 24.8577823638916,
            "dense_9": 0.14372819662094116
        }
    ],
    "recovery_epochs": {}
}