{
    "config": {
        "dropout_rate": 0.5,
        "learning_rate": 0.0001,
        "optimizer": "sgd",
        "batch_size": 64,
        "train_test_split_ratio": 0.6,
        "model_name": "BaselineCNN"
    },
    "roc_auc": 0.49802479961327895,
    "val_loss": 1.2300915718078613,
    "val_acc": 0.7395833134651184
}