{
    "config": {
        "dropout_rate": 0.7,
        "learning_rate": 0.0001,
        "optimizer": "adam",
        "batch_size": 64,
        "train_test_split_ratio": 0.6,
        "model_name": "BaselineCNN"
    },
    "roc_auc": 0.5057446067024159,
    "val_loss": 1.1872197389602661,
    "val_acc": 0.7395833134651184
}