{
    "config": {
        "dropout_rate": 0.7,
        "learning_rate": 0.001,
        "optimizer": "sgd",
        "batch_size": 32,
        "train_test_split_ratio": 0.4,
        "model_name": "MoreAdvancedCNN"
    },
    "roc_auc": 0.5088492902446391,
    "val_loss": 3.3825571537017822,
    "val_acc": 0.612456738948822
}