{
    "config": {
        "dropout_rate": 0.5,
        "learning_rate": 0.001,
        "optimizer": "adam",
        "batch_size": 64,
        "train_test_split_ratio": 0.4,
        "model_name": "BaselineCNN"
    },
    "roc_auc": 0.4859559045605557,
    "val_loss": 1.0898470878601074,
    "val_acc": 0.7162629961967468
}