{
    "config": {
        "dropout_rate": 0.7,
        "learning_rate": 0.001,
        "optimizer": "adam",
        "batch_size": 32,
        "train_test_split_ratio": 0.6,
        "model_name": "SimplerCNN"
    },
    "roc_auc": 0.482011848953942,
    "val_loss": 0.6611353754997253,
    "val_acc": 0.7395833134651184
}