{
    "config": {
        "dropout_rate": 0.7,
        "learning_rate": 0.001,
        "optimizer": "adam",
        "batch_size": 64,
        "train_test_split_ratio": 0.4,
        "model_name": "MoreAdvancedCNN"
    },
    "roc_auc": 0.518806000201349,
    "val_loss": 2.2776973247528076,
    "val_acc": 0.7162629961967468
}