{
    "config": {
        "dropout_rate": 0.7,
        "learning_rate": 0.001,
        "optimizer": "sgd",
        "batch_size": 64,
        "train_test_split_ratio": 0.6,
        "model_name": "MoreAdvancedCNN"
    },
    "roc_auc": 0.478965296280058,
    "val_loss": 3.3096811771392822,
    "val_acc": 0.7395833134651184
}