{
    "config": {
        "dropout_rate": 0.5,
        "learning_rate": 0.001,
        "optimizer": "adam",
        "batch_size": 32,
        "train_test_split_ratio": 0.4,
        "model_name": "BaselineCNN"
    },
    "roc_auc": 0.5405567300916138,
    "val_loss": 1.020814299583435,
    "val_acc": 0.7162629961967468
}