{
    "config": {
        "dropout_rate": 0.5,
        "learning_rate": 0.0001,
        "optimizer": "adam",
        "batch_size": 32,
        "train_test_split_ratio": 0.6,
        "model_name": "BaselineCNN"
    },
    "roc_auc": 0.5194248648162513,
    "val_loss": 1.1624687910079956,
    "val_acc": 0.7395833134651184
}