{
    "config": {
        "dropout_rate": 0.5,
        "learning_rate": 0.001,
        "optimizer": "adam",
        "batch_size": 64,
        "train_test_split_ratio": 0.4,
        "model_name": "SimplerCNN"
    },
    "roc_auc": 0.5248414376321353,
    "val_loss": 0.6712995171546936,
    "val_acc": 0.7162629961967468
}