{
    "config": {
        "dropout_rate": 0.5,
        "learning_rate": 0.001,
        "optimizer": "adam",
        "batch_size": 64,
        "train_test_split_ratio": 0.6,
        "model_name": "SimplerCNN"
    },
    "roc_auc": 0.5255179701640192,
    "val_loss": 0.6605733036994934,
    "val_acc": 0.7395833134651184
}