{
    "config": {
        "dropout_rate": 0.7,
        "learning_rate": 0.001,
        "optimizer": "sgd",
        "batch_size": 32,
        "train_test_split_ratio": 0.6,
        "model_name": "SimplerCNN"
    },
    "roc_auc": 0.5244477420660348,
    "val_loss": 0.76847904920578,
    "val_acc": 0.7395833134651184
}