{
    "config": {
        "dropout_rate": 0.5,
        "learning_rate": 0.0001,
        "optimizer": "sgd",
        "batch_size": 64,
        "train_test_split_ratio": 0.4,
        "model_name": "BaselineCNN"
    },
    "roc_auc": 0.4705703211517165,
    "val_loss": 1.293736219406128,
    "val_acc": 0.4740484356880188
}