{
    "config": {
        "dropout_rate": 0.7,
        "learning_rate": 0.0001,
        "optimizer": "adam",
        "batch_size": 32,
        "train_test_split_ratio": 0.4,
        "model_name": "BaselineCNN"
    },
    "roc_auc": 0.4787878787878788,
    "val_loss": 1.1764787435531616,
    "val_acc": 0.7162629961967468
}