{
    "weight_changes": [
        {
            "conv2d_18": 0.10545696318149567,
            "batch_normalization_18": 1.0421077013015747,
            "conv2d_19": 0.8128930330276489,
            "batch_normalization_19": 1.095637321472168,
            "conv2d_20": 0.7825707197189331,
            "batch_normalization_20": 0.9080040454864502,
            "conv2d_21": 1.1143255233764648,
            "batch_normalization_21": 1.8839292526245117,
            "conv2d_22": 1.5683528184890747,
            "batch_normalization_22": 1.2724285125732422,
            "conv2d_23": 0.3934798240661621,
            "dense_6": 1.0613317489624023,
            "batch_normalization_23": 2.952450752258301,
            "dense_7": 0.08959808945655823
        },
        {
            "conv2d_18": 0.13249537348747253,
            "batch_normalization_18": 1.9334293603897095,
            "conv2d_19": 1.0276145935058594,
            "batch_normalization_19": 2.092191696166992,
            "conv2d_20": 1.0044214725494385,
            "batch_normalization_20": 1.8482531309127808,
            "conv2d_21": 1.445280909538269,
            "batch_normalization_21": 4.65218448638916,
            "conv2d_22": 2.067150831222534,
            "batch_normalization_22": 3.3255443572998047,
            "conv2d_23": 0.5367968082427979,
            "dense_6": 1.710978627204895,
            "batch_normalization_23": 5.543341636657715,
            "dense_7": 0.16217215359210968
        },
        {
            "conv2d_18": 0.1497710794210434,
            "batch_normalization_18": 2.7154994010925293,
            "conv2d_19": 1.1075174808502197,
            "batch_normalization_19": 3.008511543273926,
            "conv2d_20": 1.1076401472091675,
            "batch_normalization_20": 2.8284974098205566,
            "conv2d_21": 1.5758172273635864,
            "batch_normalization_21": 7.901870250701904,
            "conv2d_22": 2.294762372970581,
            "batch_normalization_22": 6.483855247497559,
            "conv2d_23": 0.6255757212638855,
            "dense_6": 2.214601516723633,
            "batch_normalization_23": 7.851822376251221,
            "dense_7": 0.23162555694580078
        },
        {
            "conv2d_18": 0.1585036963224411,
            "batch_normalization_18": 3.4057390689849854,
            "conv2d_19": 1.1523633003234863,
            "batch_normalization_19": 3.820563793182373,
            "conv2d_20": 1.1715543270111084,
            "batch_normalization_20": 3.7503299713134766,
            "conv2d_21": 1.6316667795181274,
            "batch_normalization_21": 11.106391906738281,
            "conv2d_22": 2.4201438426971436,
            "batch_normalization_22": 9.648092269897461,
            "conv2d_23": 0.6919728517532349,
            "dense_6": 2.6403543949127197,
            "batch_normalization_23": 9.931467056274414,
            "dense_7": 0.30410638451576233
        },
        {
            "conv2d_18": 0.15861059725284576,
            "batch_normalization_18": 4.009531497955322,
            "conv2d_19": 1.1875935792922974,
            "batch_normalization_19": 4.535114288330078,
            "conv2d_20": 1.2118587493896484,
            "batch_normalization_20": 4.566620349884033,
            "conv2d_21": 1.6652978658676147,
            "batch_normalization_21": 13.964666366577148,
            "conv2d_22": 2.5017642974853516,
            "batch_normalization_22": 12.582143783569336,
            "conv2d_23": 0.7354706525802612,
            "dense_6": 3.00384259223938,
            "batch_normalization_23": 11.762014389038086,
            "dense_7": 0.35892370343208313
        },
        {
            "conv2d_18": 0.1616208702325821,
            "batch_normalization_18": 4.544343948364258,
            "conv2d_19": 1.2180871963500977,
            "batch_normalization_19": 5.1621575355529785,
            "conv2d_20": 1.2537925243377686,
            "batch_normalization_20": 5.290863037109375,
            "conv2d_21": 1.7005057334899902,
            "batch_normalization_21": 16.2972412109375,
            "conv2d_22": 2.578883647918701,
            "batch_normalization_22": 15.173664093017578,
            "conv2d_23": 0.769374430179596,
            "dense_6": 3.3110156059265137,
            "batch_normalization_23": 13.362598419189453,
            "dense_7": 0.39536434412002563
        },
        {
            "conv2d_18": 0.16696807742118835,
            "batch_normalization_18": 5.021276950836182,
            "conv2d_19": 1.2411272525787354,
            "batch_normalization_19": 5.717266082763672,
            "conv2d_20": 1.291513442993164,
            "batch_normalization_20": 5.988407135009766,
            "conv2d_21": 1.7462579011917114,
            "batch_normalization_21": 18.150733947753906,
            "conv2d_22": 2.6616249084472656,
            "batch_normalization_22": 17.35552978515625,
            "conv2d_23": 0.8075003623962402,
            "dense_6": 3.5912020206451416,
            "batch_normalization_23": 14.794425964355469,
            "dense_7": 0.4218159019947052
        },
        {
            "conv2d_18": 0.1734265238046646,
            "batch_normalization_18": 5.446101188659668,
            "conv2d_19": 1.2787874937057495,
            "batch_normalization_19": 6.199156761169434,
            "conv2d_20": 1.3330910205841064,
            "batch_normalization_20": 6.5852766036987305,
            "conv2d_21": 1.8052713871002197,
            "batch_normalization_21": 19.526268005371094,
            "conv2d_22": 2.7546496391296387,
            "batch_normalization_22": 19.247390747070312,
            "conv2d_23": 0.8642331957817078,
            "dense_6": 3.8435165882110596,
            "batch_normalization_23": 16.092453002929688,
            "dense_7": 0.44270846247673035
        },
        {
            "conv2d_18": 0.17648962140083313,
            "batch_normalization_18": 5.822500705718994,
            "conv2d_19": 1.3266247510910034,
            "batch_normalization_19": 6.617490768432617,
            "conv2d_20": 1.3851875066757202,
            "batch_normalization_20": 7.105525970458984,
            "conv2d_21": 1.8783003091812134,
            "batch_normalization_21": 20.588443756103516,
            "conv2d_22": 2.8603506088256836,
            "batch_normalization_22": 20.829360961914062,
            "conv2d_23": 0.9163709878921509,
            "dense_6": 4.070865631103516,
            "batch_normalization_23": 17.283172607421875,
            "dense_7": 0.4611530900001526
        },
        {
            "conv2d_18": 0.18302738666534424,
            "batch_normalization_18": 6.154876708984375,
            "conv2d_19": 1.3871699571609497,
            "batch_normalization_19": 6.990097999572754,
            "conv2d_20": 1.4381448030471802,
            "batch_normalization_20": 7.532417297363281,
            "conv2d_21": 1.945114254951477,
            "batch_normalization_21": 21.384801864624023,
            "conv2d_22": 2.9571869373321533,
            "batch_normalization_22": 22.438173294067383,
            "conv2d_23": 0.9565337896347046,
            "dense_6": 4.271079063415527,
            "batch_normalization_23": 18.33127784729004,
            "dense_7": 0.47465237975120544
        }
    ],
    "recovery_epochs": {}
}