{
    "weight_changes": [
        {
            "conv2d": 0.15024200081825256,
            "batch_normalization": 2.680130958557129,
            "conv2d_1": 1.1223570108413696,
            "batch_normalization_1": 2.936344861984253,
            "conv2d_2": 1.1849303245544434,
            "batch_normalization_2": 2.175234079360962,
            "conv2d_3": 1.6549177169799805,
            "batch_normalization_3": 7.075427055358887,
            "conv2d_4": 2.38896107673645,
            "batch_normalization_4": 5.674094200134277,
            "conv2d_5": 0.6092789769172668,
            "dense": 2.1890008449554443,
            "batch_normalization_5": 8.443878173828125,
            "dense_1": 0.22336792945861816
        },
        {
            "conv2d": 0.16101454198360443,
            "batch_normalization": 4.495920181274414,
            "conv2d_1": 1.2438852787017822,
            "batch_normalization_1": 5.236114025115967,
            "conv2d_2": 1.330822229385376,
            "batch_normalization_2": 3.823437213897705,
            "conv2d_3": 1.8010261058807373,
            "batch_normalization_3": 15.961348533630371,
            "conv2d_4": 2.7079925537109375,
            "batch_normalization_4": 16.504751205444336,
            "conv2d_5": 0.7433241009712219,
            "dense": 3.2169723510742188,
            "batch_normalization_5": 14.289421081542969,
            "dense_1": 0.37620294094085693
        },
        {
            "conv2d": 0.17779739201068878,
            "batch_normalization": 5.764463901519775,
            "conv2d_1": 1.3170021772384644,
            "batch_normalization_1": 6.7955498695373535,
            "conv2d_2": 1.4278231859207153,
            "batch_normalization_2": 5.198140621185303,
            "conv2d_3": 1.8774515390396118,
            "batch_normalization_3": 22.608545303344727,
            "conv2d_4": 2.8894777297973633,
            "batch_normalization_4": 25.962265014648438,
            "conv2d_5": 0.8573697209358215,
            "dense": 3.87445330619812,
            "batch_normalization_5": 18.353742599487305,
            "dense_1": 0.44891372323036194
        },
        {
            "conv2d": 0.1902538686990738,
            "batch_normalization": 6.65012264251709,
            "conv2d_1": 1.4067078828811646,
            "batch_normalization_1": 7.782076835632324,
            "conv2d_2": 1.5095957517623901,
            "batch_normalization_2": 6.450757026672363,
            "conv2d_3": 1.985292911529541,
            "batch_normalization_3": 28.085344314575195,
            "conv2d_4": 3.074500322341919,
            "batch_normalization_4": 35.660099029541016,
            "conv2d_5": 0.9589326977729797,
            "dense": 4.304712772369385,
            "batch_normalization_5": 21.305465698242188,
            "dense_1": 0.474636435508728
        },
        {
            "conv2d": 0.2068917602300644,
            "batch_normalization": 7.264073848724365,
            "conv2d_1": 1.5196452140808105,
            "batch_normalization_1": 8.671122550964355,
            "conv2d_2": 1.6165112257003784,
            "batch_normalization_2": 7.090359687805176,
            "conv2d_3": 2.1194965839385986,
            "batch_normalization_3": 30.830463409423828,
            "conv2d_4": 3.2865734100341797,
            "batch_normalization_4": 40.592803955078125,
            "conv2d_5": 1.0722917318344116,
            "dense": 4.633186340332031,
            "batch_normalization_5": 23.551307678222656,
            "dense_1": 0.5057333111763
        },
        {
            "conv2d": 0.22076070308685303,
            "batch_normalization": 7.698297023773193,
            "conv2d_1": 1.645387053489685,
            "batch_normalization_1": 9.258686065673828,
            "conv2d_2": 1.7437326908111572,
            "batch_normalization_2": 7.680732727050781,
            "conv2d_3": 2.294363260269165,
            "batch_normalization_3": 32.9247932434082,
            "conv2d_4": 3.5371148586273193,
            "batch_normalization_4": 43.943939208984375,
            "conv2d_5": 1.1975359916687012,
            "dense": 4.913403034210205,
            "batch_normalization_5": 25.202316284179688,
            "dense_1": 0.5171945095062256
        },
        {
            "conv2d": 0.23890528082847595,
            "batch_normalization": 7.9918718338012695,
            "conv2d_1": 1.7918508052825928,
            "batch_normalization_1": 9.686041831970215,
            "conv2d_2": 1.8665039539337158,
            "batch_normalization_2": 8.046236038208008,
            "conv2d_3": 2.498042106628418,
            "batch_normalization_3": 33.54637145996094,
            "conv2d_4": 3.787555694580078,
            "batch_normalization_4": 45.74840545654297,
            "conv2d_5": 1.311474323272705,
            "dense": 5.146012783050537,
            "batch_normalization_5": 26.523391723632812,
            "dense_1": 0.5582995414733887
        },
        {
            "conv2d": 0.24180485308170319,
            "batch_normalization": 8.202936172485352,
            "conv2d_1": 1.9592560529708862,
            "batch_normalization_1": 9.941941261291504,
            "conv2d_2": 1.9985798597335815,
            "batch_normalization_2": 8.738809585571289,
            "conv2d_3": 2.7045278549194336,
            "batch_normalization_3": 34.52773666381836,
            "conv2d_4": 4.037999153137207,
            "batch_normalization_4": 50.03473663330078,
            "conv2d_5": 1.4235883951187134,
            "dense": 5.368794918060303,
            "batch_normalization_5": 27.278121948242188,
            "dense_1": 0.5890109539031982
        },
        {
            "conv2d": 0.25783291459083557,
            "batch_normalization": 8.347158432006836,
            "conv2d_1": 2.1121037006378174,
            "batch_normalization_1": 9.975397109985352,
            "conv2d_2": 2.1106929779052734,
            "batch_normalization_2": 9.59146785736084,
            "conv2d_3": 2.910709857940674,
            "batch_normalization_3": 35.153160095214844,
            "conv2d_4": 4.2693657875061035,
            "batch_normalization_4": 53.959747314453125,
            "conv2d_5": 1.5313067436218262,
            "dense": 5.5503458976745605,
            "batch_normalization_5": 27.615612030029297,
            "dense_1": 0.609644889831543
        },
        {
            "conv2d": 0.2864949405193329,
            "batch_normalization": 8.443803787231445,
            "conv2d_1": 2.2935140132904053,
            "batch_normalization_1": 10.039960861206055,
            "conv2d_2": 2.239579439163208,
            "batch_normalization_2": 9.450153350830078,
            "conv2d_3": 3.1493468284606934,
            "batch_normalization_3": 34.05841064453125,
            "conv2d_4": 4.532809257507324,
            "batch_normalization_4": 54.00675964355469,
            "conv2d_5": 1.6570537090301514,
            "dense": 5.726019859313965,
            "batch_normalization_5": 28.042293548583984,
            "dense_1": 0.639532208442688
        }
    ],
    "recovery_epochs": {}
}