{
    "config": {
        "dropout_rate": 0.5,
        "learning_rate": 0.001,
        "optimizer": "sgd",
        "batch_size": 32,
        "train_test_split_ratio": 0.6,
        "model_name": "SimplerCNN"
    },
    "roc_auc": 0.5136083100064078,
    "val_loss": 0.7335445284843445,
    "val_acc": 0.7395833134651184
}