{
    "config": {
        "dropout_rate": 0.5,
        "learning_rate": 0.001,
        "optimizer": "sgd",
        "batch_size": 64,
        "train_test_split_ratio": 0.4,
        "model_name": "SimplerCNN"
    },
    "roc_auc": 0.5075279371791,
    "val_loss": 0.7975921034812927,
    "val_acc": 0.7162629961967468
}