{
    "config": {
        "dropout_rate": 0.7,
        "learning_rate": 0.0001,
        "optimizer": "adam",
        "batch_size": 32,
        "train_test_split_ratio": 0.6,
        "model_name": "MoreAdvancedCNN"
    },
    "roc_auc": 0.5196688138679978,
    "val_loss": 3.3926875591278076,
    "val_acc": 0.7395833134651184
}