{
    "weight_changes": [
        {
            "conv2d_12": 0.1303299069404602,
            "batch_normalization_12": 1.4901394844055176,
            "conv2d_13": 0.9400576949119568,
            "batch_normalization_13": 1.4830448627471924,
            "conv2d_14": 0.9245510697364807,
            "batch_normalization_14": 1.2575762271881104,
            "conv2d_15": 1.3388499021530151,
            "batch_normalization_15": 3.4878077507019043,
            "conv2d_16": 1.8754318952560425,
            "batch_normalization_16": 2.488922357559204,
            "conv2d_17": 0.49448931217193604,
            "dense_4": 1.3217629194259644,
            "batch_normalization_17": 4.309286117553711,
            "dense_5": 0.1166461929678917
        },
        {
            "conv2d_12": 0.1561339795589447,
            "batch_normalization_12": 2.683903932571411,
            "conv2d_13": 1.1322258710861206,
            "batch_normalization_13": 2.9295554161071777,
            "conv2d_14": 1.1165374517440796,
            "batch_normalization_14": 2.640794277191162,
            "conv2d_15": 1.6034553050994873,
            "batch_normalization_15": 8.116642951965332,
            "conv2d_16": 2.273498773574829,
            "batch_normalization_16": 7.705986022949219,
            "conv2d_17": 0.6150938272476196,
            "dense_4": 2.130495071411133,
            "batch_normalization_17": 7.905186653137207,
            "dense_5": 0.21430028975009918
        },
        {
            "conv2d_12": 0.16750308871269226,
            "batch_normalization_12": 3.671743154525757,
            "conv2d_13": 1.1943022012710571,
            "batch_normalization_13": 4.313726902008057,
            "conv2d_14": 1.2142633199691772,
            "batch_normalization_14": 3.943330764770508,
            "conv2d_15": 1.6908680200576782,
            "batch_normalization_15": 12.3635835647583,
            "conv2d_16": 2.4272048473358154,
            "batch_normalization_16": 13.324533462524414,
            "conv2d_17": 0.6869001984596252,
            "dense_4": 2.766432762145996,
            "batch_normalization_17": 10.914809226989746,
            "dense_5": 0.30382463335990906
        },
        {
            "conv2d_12": 0.17610374093055725,
            "batch_normalization_12": 4.49629020690918,
            "conv2d_13": 1.22819185256958,
            "batch_normalization_13": 5.499980926513672,
            "conv2d_14": 1.2670663595199585,
            "batch_normalization_14": 5.261755466461182,
            "conv2d_15": 1.7516120672225952,
            "batch_normalization_15": 15.621458053588867,
            "conv2d_16": 2.538999557495117,
            "batch_normalization_16": 17.9991397857666,
            "conv2d_17": 0.7442870736122131,
            "dense_4": 3.3023293018341064,
            "batch_normalization_17": 13.374286651611328,
            "dense_5": 0.3794260621070862
        },
        {
            "conv2d_12": 0.18439677357673645,
            "batch_normalization_12": 5.183743000030518,
            "conv2d_13": 1.2712689638137817,
            "batch_normalization_13": 6.407667636871338,
            "conv2d_14": 1.3081775903701782,
            "batch_normalization_14": 6.341673851013184,
            "conv2d_15": 1.8134593963623047,
            "batch_normalization_15": 17.897747039794922,
            "conv2d_16": 2.6550676822662354,
            "batch_normalization_16": 21.050384521484375,
            "conv2d_17": 0.8101321458816528,
            "dense_4": 3.754390001296997,
            "batch_normalization_17": 15.426464080810547,
            "dense_5": 0.4390643835067749
        },
        {
            "conv2d_12": 0.19258464872837067,
            "batch_normalization_12": 5.755176544189453,
            "conv2d_13": 1.3342593908309937,
            "batch_normalization_13": 7.086766242980957,
            "conv2d_14": 1.3573493957519531,
            "batch_normalization_14": 7.165334224700928,
            "conv2d_15": 1.891941785812378,
            "batch_normalization_15": 19.673494338989258,
            "conv2d_16": 2.7802860736846924,
            "batch_normalization_16": 23.74740219116211,
            "conv2d_17": 0.8741918802261353,
            "dense_4": 4.145047664642334,
            "batch_normalization_17": 17.18356704711914,
            "dense_5": 0.4725319743156433
        },
        {
            "conv2d_12": 0.1965959668159485,
            "batch_normalization_12": 6.226099967956543,
            "conv2d_13": 1.4166626930236816,
            "batch_normalization_13": 7.602808952331543,
            "conv2d_14": 1.416608214378357,
            "batch_normalization_14": 7.766061782836914,
            "conv2d_15": 1.9875514507293701,
            "batch_normalization_15": 21.29914665222168,
            "conv2d_16": 2.9309582710266113,
            "batch_normalization_16": 25.968902587890625,
            "conv2d_17": 0.9337853789329529,
            "dense_4": 4.473564624786377,
            "batch_normalization_17": 18.688201904296875,
            "dense_5": 0.49912402033805847
        },
        {
            "conv2d_12": 0.20197875797748566,
            "batch_normalization_12": 6.623910903930664,
            "conv2d_13": 1.5174293518066406,
            "batch_normalization_13": 7.975851058959961,
            "conv2d_14": 1.4950509071350098,
            "batch_normalization_14": 8.215232849121094,
            "conv2d_15": 2.1016080379486084,
            "batch_normalization_15": 22.596698760986328,
            "conv2d_16": 3.0965209007263184,
            "batch_normalization_16": 27.75917625427246,
            "conv2d_17": 1.0167425870895386,
            "dense_4": 4.7466721534729,
            "batch_normalization_17": 19.95747184753418,
            "dense_5": 0.5088907480239868
        },
        {
            "conv2d_12": 0.21121345460414886,
            "batch_normalization_12": 6.952091693878174,
            "conv2d_13": 1.646700143814087,
            "batch_normalization_13": 8.211233139038086,
            "conv2d_14": 1.599372386932373,
            "batch_normalization_14": 8.54794692993164,
            "conv2d_15": 2.2463815212249756,
            "batch_normalization_15": 23.629615783691406,
            "conv2d_16": 3.284367084503174,
            "batch_normalization_16": 29.417428970336914,
            "conv2d_17": 1.0985934734344482,
            "dense_4": 4.989722728729248,
            "batch_normalization_17": 21.024131774902344,
            "dense_5": 0.5188178420066833
        },
        {
            "conv2d_12": 0.23009458184242249,
            "batch_normalization_12": 7.225118637084961,
            "conv2d_13": 1.7660897970199585,
            "batch_normalization_13": 8.34030532836914,
            "conv2d_14": 1.6952404975891113,
            "batch_normalization_14": 8.878246307373047,
            "conv2d_15": 2.3891007900238037,
            "batch_normalization_15": 24.441089630126953,
            "conv2d_16": 3.4704906940460205,
            "batch_normalization_16": 30.801586151123047,
            "conv2d_17": 1.1886628866195679,
            "dense_4": 5.211883544921875,
            "batch_normalization_17": 21.961999893188477,
            "dense_5": 0.5350502729415894
        }
    ],
    "recovery_epochs": {}
}