{
    "config": {
        "dropout_rate": 0.5,
        "learning_rate": 0.0001,
        "optimizer": "sgd",
        "batch_size": 64,
        "train_test_split_ratio": 0.4,
        "model_name": "SimplerCNN"
    },
    "roc_auc": 0.47694805194805195,
    "val_loss": 0.7651194930076599,
    "val_acc": 0.7162629961967468
}