{
    "weight_changes": [
        {
            "conv2d_6": 0.15588721632957458,
            "batch_normalization_6": 1.9231810569763184,
            "conv2d_7": 1.0046074390411377,
            "batch_normalization_7": 1.8212052583694458,
            "conv2d_8": 1.106564998626709,
            "batch_normalization_8": 1.826655387878418,
            "conv2d_9": 1.464316725730896,
            "batch_normalization_9": 4.410776138305664,
            "conv2d_10": 2.122727870941162,
            "batch_normalization_10": 2.9113988876342773,
            "conv2d_11": 0.5802369117736816,
            "dense_2": 1.866363286972046,
            "batch_normalization_11": 5.662449359893799,
            "dense_3": 0.1600794494152069
        },
        {
            "conv2d_6": 0.18644510209560394,
            "batch_normalization_6": 3.388115167617798,
            "conv2d_7": 1.1287177801132202,
            "batch_normalization_7": 3.3442583084106445,
            "conv2d_8": 1.2742072343826294,
            "batch_normalization_8": 4.099132061004639,
            "conv2d_9": 1.683463215827942,
            "batch_normalization_9": 10.237353324890137,
            "conv2d_10": 2.477783679962158,
            "batch_normalization_10": 8.431905746459961,
            "conv2d_11": 0.6977947354316711,
            "dense_2": 2.863074541091919,
            "batch_normalization_11": 10.011087417602539,
            "dense_3": 0.28664329648017883
        },
        {
            "conv2d_6": 0.1957399845123291,
            "batch_normalization_6": 4.532074928283691,
            "conv2d_7": 1.14926278591156,
            "batch_normalization_7": 4.743466377258301,
            "conv2d_8": 1.3283936977386475,
            "batch_normalization_8": 6.223684310913086,
            "conv2d_9": 1.7512309551239014,
            "batch_normalization_9": 15.451216697692871,
            "conv2d_10": 2.607490062713623,
            "batch_normalization_10": 14.113412857055664,
            "conv2d_11": 0.7663212418556213,
            "dense_2": 3.5450451374053955,
            "batch_normalization_11": 13.423196792602539,
            "dense_3": 0.37723061442375183
        },
        {
            "conv2d_6": 0.21339140832424164,
            "batch_normalization_6": 5.433626651763916,
            "conv2d_7": 1.1897341012954712,
            "batch_normalization_7": 5.816672325134277,
            "conv2d_8": 1.368356704711914,
            "batch_normalization_8": 7.986746311187744,
            "conv2d_9": 1.8043426275253296,
            "batch_normalization_9": 19.345672607421875,
            "conv2d_10": 2.698193073272705,
            "batch_normalization_10": 19.235578536987305,
            "conv2d_11": 0.8350070714950562,
            "dense_2": 4.036722183227539,
            "batch_normalization_11": 16.04331398010254,
            "dense_3": 0.424075722694397
        },
        {
            "conv2d_6": 0.22023548185825348,
            "batch_normalization_6": 6.135072708129883,
            "conv2d_7": 1.2511242628097534,
            "batch_normalization_7": 6.547267913818359,
            "conv2d_8": 1.4055689573287964,
            "batch_normalization_8": 9.28853988647461,
            "conv2d_9": 1.8718801736831665,
            "batch_normalization_9": 22.355234146118164,
            "conv2d_10": 2.818721055984497,
            "batch_normalization_10": 23.37586784362793,
            "conv2d_11": 0.8940693140029907,
            "dense_2": 4.41820764541626,
            "batch_normalization_11": 18.04294776916504,
            "dense_3": 0.44480016827583313
        },
        {
            "conv2d_6": 0.2191997915506363,
            "batch_normalization_6": 6.685690402984619,
            "conv2d_7": 1.324080467224121,
            "batch_normalization_7": 7.107339859008789,
            "conv2d_8": 1.468855619430542,
            "batch_normalization_8": 9.848261833190918,
            "conv2d_9": 1.9557865858078003,
            "batch_normalization_9": 24.233591079711914,
            "conv2d_10": 2.966808795928955,
            "batch_normalization_10": 26.270570755004883,
            "conv2d_11": 0.9425734281539917,
            "dense_2": 4.701650142669678,
            "batch_normalization_11": 19.68324089050293,
            "dense_3": 0.4803730547428131
        },
        {
            "conv2d_6": 0.22506947815418243,
            "batch_normalization_6": 7.120909690856934,
            "conv2d_7": 1.3962363004684448,
            "batch_normalization_7": 7.5449724197387695,
            "conv2d_8": 1.5355712175369263,
            "batch_normalization_8": 10.255054473876953,
            "conv2d_9": 2.0499799251556396,
            "batch_normalization_9": 25.470001220703125,
            "conv2d_10": 3.1341915130615234,
            "batch_normalization_10": 29.55487632751465,
            "conv2d_11": 1.0158823728561401,
            "dense_2": 4.928900718688965,
            "batch_normalization_11": 20.995933532714844,
            "dense_3": 0.49697378277778625
        },
        {
            "conv2d_6": 0.2282806783914566,
            "batch_normalization_6": 7.461446285247803,
            "conv2d_7": 1.4937167167663574,
            "batch_normalization_7": 7.879805564880371,
            "conv2d_8": 1.611397385597229,
            "batch_normalization_8": 10.616823196411133,
            "conv2d_9": 2.160208225250244,
            "batch_normalization_9": 26.053787231445312,
            "conv2d_10": 3.2884435653686523,
            "batch_normalization_10": 32.411678314208984,
            "conv2d_11": 1.0744611024856567,
            "dense_2": 5.109586715698242,
            "batch_normalization_11": 22.107952117919922,
            "dense_3": 0.5137456059455872
        },
        {
            "conv2d_6": 0.23470301926136017,
            "batch_normalization_6": 7.72816276550293,
            "conv2d_7": 1.5951240062713623,
            "batch_normalization_7": 8.098093032836914,
            "conv2d_8": 1.6911170482635498,
            "batch_normalization_8": 10.995012283325195,
            "conv2d_9": 2.277528762817383,
            "batch_normalization_9": 26.47825050354004,
            "conv2d_10": 3.439147710800171,
            "batch_normalization_10": 35.38029479980469,
            "conv2d_11": 1.132392168045044,
            "dense_2": 5.26738977432251,
            "batch_normalization_11": 22.993507385253906,
            "dense_3": 0.5401648283004761
        },
        {
            "conv2d_6": 0.24608197808265686,
            "batch_normalization_6": 7.939321994781494,
            "conv2d_7": 1.707462191581726,
            "batch_normalization_7": 8.268582344055176,
            "conv2d_8": 1.764296531677246,
            "batch_normalization_8": 11.203723907470703,
            "conv2d_9": 2.397134780883789,
            "batch_normalization_9": 26.65781021118164,
            "conv2d_10": 3.593869924545288,
            "batch_normalization_10": 37.6856689453125,
            "conv2d_11": 1.186715006828308,
            "dense_2": 5.412728786468506,
            "batch_normalization_11": 23.67172622680664,
            "dense_3": 0.5502107739448547
        }
    ],
    "recovery_epochs": {}
}