{
    "config": {
        "dropout_rate": 0.7,
        "learning_rate": 0.001,
        "optimizer": "adam",
        "batch_size": 32,
        "train_test_split_ratio": 0.6,
        "model_name": "MoreAdvancedCNN"
    },
    "roc_auc": 0.4746236776724787,
    "val_loss": 2.1679136753082275,
    "val_acc": 0.7395833134651184
}