{
    "config": {
        "dropout_rate": 0.7,
        "learning_rate": 0.0001,
        "optimizer": "sgd",
        "batch_size": 64,
        "train_test_split_ratio": 0.6,
        "model_name": "MoreAdvancedCNN"
    },
    "roc_auc": 0.4805571481568918,
    "val_loss": 3.34126353263855,
    "val_acc": 0.7395833134651184
}