{
    "config": {
        "dropout_rate": 0.7,
        "learning_rate": 0.0001,
        "optimizer": "sgd",
        "batch_size": 32,
        "train_test_split_ratio": 0.6,
        "model_name": "BaselineCNN"
    },
    "roc_auc": 0.5022854766000022,
    "val_loss": 1.3547831773757935,
    "val_acc": 0.4010416567325592
}