{
    "config": {
        "dropout_rate": 0.7,
        "learning_rate": 0.001,
        "optimizer": "sgd",
        "batch_size": 32,
        "train_test_split_ratio": 0.4,
        "model_name": "SimplerCNN"
    },
    "roc_auc": 0.48207993556830764,
    "val_loss": 0.7905302047729492,
    "val_acc": 0.7162629961967468
}