{
    "config": {
        "dropout_rate": 0.7,
        "learning_rate": 0.0001,
        "optimizer": "sgd",
        "batch_size": 32,
        "train_test_split_ratio": 0.4,
        "model_name": "BaselineCNN"
    },
    "roc_auc": 0.5222188664049129,
    "val_loss": 1.2850261926651,
    "val_acc": 0.5190311670303345
}