{
    "config": {
        "dropout_rate": 0.5,
        "learning_rate": 0.0001,
        "optimizer": "adam",
        "batch_size": 64,
        "train_test_split_ratio": 0.4,
        "model_name": "BaselineCNN"
    },
    "roc_auc": 0.4843224604852512,
    "val_loss": 1.410027027130127,
    "val_acc": 0.28373703360557556
}