{
    "config": {
        "dropout_rate": 0.7,
        "learning_rate": 0.0001,
        "optimizer": "sgd",
        "batch_size": 64,
        "train_test_split_ratio": 0.6,
        "model_name": "SimplerCNN"
    },
    "roc_auc": 0.5295065933695322,
    "val_loss": 0.8544862866401672,
    "val_acc": 0.2604166567325592
}